Time,Purity
0.0,1.0
0.02095792297258034,0.93892
0.04191584594516068,0.7955000000000001
0.06287376891774102,0.6483000000000001
0.08383169189032136,0.53016
0.1047896148629017,0.45263999999999993
0.12574753783548204,0.39125999999999994
0.14670546080806238,0.3395600000000001
0.16766338378064272,0.3063800000000001
0.18862130675322306,0.276
0.2095792297258034,0.2532399999999999
0.23053715269838373,0.22971999999999992
0.2514950756709641,0.2153799999999999
0.27245299864354444,0.20589999999999997
0.29341092161612475,0.18592000000000009
0.31436884458870507,0.17599999999999993
0.33532676756128543,0.16305999999999998
0.3562846905338658,0.16090000000000004
0.3772426135064461,0.14939999999999998
0.3982005364790264,0.14080000000000004
0.4191584594516068,0.1403000000000001
0.44011638242418716,0.12495999999999996
0.46107430539676747,0.12622
0.4820322283693478,0.12159999999999993
0.5029901513419281,0.11386000000000007
0.5239480743145085,0.10983999999999994
0.5449059972870889,0.1045799999999999
0.5658639202596691,0.10002
0.5868218432322495,0.10200000000000009
0.6077797662048299,0.09342000000000006
0.6287376891774101,0.09851999999999994
0.6496956121499905,0.09034000000000009
0.6706535351225709,0.08586000000000005
0.6916114580951512,0.08509999999999995
0.7125693810677316,0.07939999999999992
0.7335273040403119,0.08410000000000006
0.7544852270128922,0.0737000000000001
0.7754431499854726,0.07014000000000009
0.7964010729580528,0.07482000000000011
0.8173589959306332,0.07079999999999997
0.8383169189032136,0.07275999999999994
0.859274841875794,0.07366000000000006
0.8802327648483743,0.06665999999999994
0.9011906878209546,0.06363999999999992
0.9221486107935349,0.06814000000000009
0.9431065337661153,0.06059999999999999
0.9640644567386956,0.06064000000000003
0.9850223797112759,0.06128
1.0059803026838563,0.05485999999999991
1.0269382256564366,0.06235999999999997
1.047896148629017,0.058740000000000014
1.0688540716015973,0.052040000000000086
1.0898119945741778,0.05726000000000009
1.110769917546758,0.057579999999999965
1.1317278405193383,0.05634000000000006
1.1526857634919188,0.0504
1.173643686464499,0.05675999999999992
1.1946016094370793,0.04868000000000006
1.2155595324096597,0.04953999999999992
1.23651745538224,0.0484
1.2574753783548203,0.044340000000000046
1.2784333013274007,0.04072000000000009
1.299391224299981,0.046720000000000095
1.3203491472725615,0.04526000000000008
1.3413070702451417,0.04127999999999998
1.362264993217722,0.04357999999999995
1.3832229161903025,0.040079999999999893
1.4041808391628827,0.04502000000000006
1.4251387621354632,0.0458400000000001
1.4460966851080435,0.0396399999999999
1.4670546080806237,0.042259999999999964
1.4880125310532042,0.04596
1.5089704540257844,0.033439999999999914
1.5299283769983647,0.041099999999999914
1.5508862999709452,0.03747999999999996
1.5718442229435254,0.037940000000000085
1.5928021459161057,0.03932000000000002
1.6137600688886862,0.03512000000000004
1.6347179918612664,0.03604000000000007
1.655675914833847,0.038880000000000026
1.6766338378064272,0.033360000000000056
1.6975917607790074,0.03357999999999994
1.718549683751588,0.03770000000000007
1.7395076067241682,0.03649999999999998
1.7604655296967486,0.03604000000000007
1.7814234526693289,0.035840000000000094
1.8023813756419091,0.0361800000000001
1.8233392986144896,0.03645999999999994
1.8442972215870699,0.033239999999999936
1.8652551445596501,0.035439999999999916
1.8862130675322306,0.035700000000000065
1.9071709905048109,0.0335399999999999
1.9281289134773911,0.03204000000000007
1.9490868364499716,0.031139999999999946
1.9700447594225519,0.02849999999999997
1.9910026823951323,0.0339799999999999
2.0119606053677126,0.03587999999999991
2.032918528340293,0.032399999999999984
2.053876451312873,0.032520000000000104
2.074834374285454,0.03361999999999998
2.095792297258034,0.0349600000000001
2.1167502202306143,0.0383
2.1377081432031946,0.04455999999999993
2.158666066175775,0.03645999999999994
2.1796239891483555,0.037760000000000016
2.200581912120936,0.03699999999999992
2.221539835093516,0.03946000000000005
2.2424977580660963,0.04343999999999992
2.2634556810386766,0.04127999999999998
2.284413604011257,0.03807999999999989
2.3053715269838375,0.04394000000000009
2.3263294499564178,0.04288000000000003
2.347287372928998,0.046640000000000015
2.3682452959015783,0.03757999999999995
2.3892032188741585,0.045339999999999936
2.4101611418467392,0.05065999999999993
2.4311190648193195,0.05049999999999999
2.4520769877918998,0.04048000000000007
2.47303491076448,0.04353999999999991
2.4939928337370603,0.043460000000000054
2.5149507567096405,0.04899999999999993
2.5359086796822212,0.044440000000000035
2.5568666026548015,0.0351999999999999
2.5778245256273817,0.04455999999999993
2.598782448599962,0.04586000000000001
2.6197403715725422,0.05942000000000003
2.640698294545123,0.05245999999999995
2.661656217517703,0.037779999999999925
2.6826141404902835,0.04152
2.7035720634628637,0.04817999999999989
2.724529986435444,0.05035999999999996
2.7454879094080247,0.055520000000000014
2.766445832380605,0.04146000000000005
2.787403755353185,0.04644000000000004
2.8083616783257654,0.04244000000000003
2.8293196012983457,0.05279999999999996
2.8502775242709264,0.05620000000000003
2.8712354472435067,0.05275999999999992
2.892193370216087,0.0442800000000001
2.913151293188667,0.04352
2.9341092161612474,0.045379999999999976
2.9550671391338277,0.043420000000000014
2.9760250621064084,0.05601999999999996
2.9969829850789886,0.05942000000000003
3.017940908051569,0.055600000000000094
3.038898831024149,0.0442800000000001
3.0598567539967294,0.03839999999999999
3.08081467696931,0.045500000000000096
3.1017725999418904,0.04693999999999998
3.1227305229144706,0.05011999999999994
3.143688445887051,0.058499999999999996
3.164646368859631,0.051919999999999966
3.1856042918322114,0.04147999999999996
3.206562214804792,0.04801999999999995
3.2275201377773723,0.03523999999999994
3.2484780607499526,0.04503999999999997
3.269435983722533,0.04831999999999992
3.290393906695113,0.059719999999999995
3.311351829667694,0.05892000000000008
3.332309752640274,0.056440000000000046
3.3532676756128543,0.04634000000000005
3.3742255985854346,0.03933999999999993
3.395183521558015,0.03774000000000011
3.4161414445305955,0.038040000000000074
3.437099367503176,0.04455999999999993
3.458057290475756,0.049919999999999964
3.4790152134483363,0.060820000000000096
3.4999731364209166,0.06265999999999994
3.5209310593934973,0.058559999999999945
3.5418889823660775,0.04054000000000002
3.5628469053386578,0.03733999999999993
3.583804828311238,0.0341800000000001
3.6047627512838183,0.03882000000000008
3.6257206742563985,0.04390000000000005
3.6466785972289792,0.05302000000000007
3.6676365202015595,0.046640000000000015
3.6885944431741398,0.060699999999999976
3.70955236614672,0.06736000000000009
3.7305102891193003,0.05506000000000011
3.751468212091881,0.04844000000000004
3.7724261350644612,0.03737999999999997
3.7933840580370415,0.02950000000000008
3.8143419810096217,0.030140000000000056
3.835299903982202,0.036839999999999984
3.8562578269547823,0.04069999999999996
3.877215749927363,0.049900000000000055
3.898173672899943,0.05923999999999996
3.9191315958725235,0.05903999999999998
3.9400895188451037,0.05983999999999989
3.961047441817684,0.06113999999999997
3.9820053647902647,0.05113999999999996
4.002963287762845,0.0363
4.023921210735425,0.03400000000000003
4.0448791337080054,0.03542000000000001
4.065837056680586,0.03425999999999996
4.086794979653166,0.03752
4.107752902625746,0.03849999999999998
4.1287108255983265,0.054359999999999964
4.149668748570908,0.05699999999999994
4.170626671543488,0.06640000000000001
4.191584594516068,0.07122000000000006
4.212542517488648,0.06703999999999999
4.233500440461229,0.05506000000000011
4.254458363433809,0.042380000000000084
4.275416286406389,0.042079999999999895
4.296374209378969,0.034499999999999975
4.31733213235155,0.036880000000000024
4.33829005532413,0.03380000000000005
4.359247978296711,0.03512000000000004
4.380205901269291,0.04174000000000011
4.401163824241872,0.04137999999999997
4.422121747214452,0.04834000000000005
4.443079670187032,0.059779999999999944
4.464037593159612,0.06549999999999989
4.484995516132193,0.07475999999999994
4.505953439104773,0.06879999999999997
4.526911362077353,0.06838000000000011
4.547869285049933,0.051979999999999915
4.568827208022514,0.04177999999999993
4.589785130995095,0.04400000000000004
4.610743053967675,0.03316000000000008
4.631700976940255,0.04283999999999999
4.6526588999128355,0.04376000000000002
4.673616822885416,0.04527999999999999
4.694574745857996,0.03766000000000003
4.715532668830576,0.039020000000000055
4.736490591803157,0.034459999999999935
4.757448514775737,0.05025999999999997
4.778406437748317,0.05620000000000003
4.799364360720897,0.06899999999999995
4.8203222836934785,0.07904
4.841280206666059,0.08363999999999994
4.862238129638639,0.07543999999999995
4.883196052611219,0.0638399999999999
4.9041539755837995,0.0569599999999999
4.92511189855638,0.04298000000000002
4.94606982152896,0.036759999999999904
4.96702774450154,0.04269999999999996
4.9879856674741205,0.03868000000000005
5.008943590446701,0.04716000000000009
5.029901513419281,0.04918
5.050859436391862,0.048980000000000024
5.0718173593644424,0.0406200000000001
5.092775282337023,0.03742000000000001
5.113733205309603,0.03882000000000008
5.134691128282183,0.04272000000000009
5.1556490512547635,0.04624000000000006
5.176606974227344,0.060880000000000045
5.197564897199924,0.07455999999999996
5.218522820172504,0.08576000000000006
5.2394807431450845,0.08908000000000005
5.260438666117666,0.08216000000000001
5.281396589090246,0.06801999999999997
5.302354512062826,0.056540000000000035
5.323312435035406,0.04604000000000008
5.344270358007987,0.04079999999999995
5.365228280980567,0.033560000000000034
5.386186203953147,0.03465999999999991
5.407144126925727,0.03428000000000009
5.428102049898308,0.04614000000000007
5.449059972870888,0.05586000000000002
5.470017895843468,0.057600000000000096
5.490975818816049,0.05054000000000003
5.51193374178863,0.037779999999999925
5.53289166476121,0.03757999999999995
5.55384958773379,0.03479999999999994
5.57480751070637,0.03638000000000008
5.595765433678951,0.04312000000000005
5.616723356651531,0.04702000000000006
5.637681279624111,0.06137999999999999
5.658639202596691,0.06624000000000008
5.679597125569272,0.08142000000000005
5.700555048541853,0.09617999999999993
5.721512971514433,0.09234000000000009
5.742470894487013,0.08216000000000001
5.763428817459594,0.07084000000000001
5.784386740432174,0.060939999999999994
5.805344663404754,0.04737999999999998
5.826302586377334,0.03981999999999997
5.847260509349915,0.03814000000000006
5.868218432322495,0.03171999999999997
5.889176355295075,0.031079999999999997
5.910134278267655,0.02943999999999991
5.9310922012402365,0.03839999999999999
5.952050124212817,0.045299999999999896
5.973008047185397,0.05800000000000005
5.993965970157977,0.05810000000000004
6.0149238931305575,0.050939999999999985
6.035881816103138,0.03882000000000008
6.056839739075718,0.03956000000000004
6.077797662048298,0.034540000000000015
6.0987555850208786,0.03620000000000001
6.119713507993459,0.03530000000000011
6.140671430966039,0.036739999999999995
6.16162935393862,0.04390000000000005
6.1825872769112005,0.045460000000000056
6.203545199883781,0.06207999999999991
6.224503122856361,0.0698399999999999
6.245461045828941,0.08899999999999997
6.2664189688015215,0.10177999999999998
6.287376891774102,0.09952000000000005
6.308334814746682,0.09958
6.329292737719262,0.08050000000000002
6.3502506606918425,0.06542000000000003
6.371208583664423,0.05693999999999999
6.392166506637004,0.04698000000000002
6.413124429609584,0.042119999999999935
6.434082352582164,0.03849999999999998
6.455040275554745,0.034499999999999975
6.475998198527325,0.0430600000000001
6.496956121499905,0.0364199999999999
6.5179140444724855,0.03644000000000003
6.538871967445066,0.038880000000000026
6.559829890417646,0.041160000000000085
6.580787813390226,0.06015999999999999
6.601745736362807,0.06031999999999993
6.622703659335388,0.059800000000000075
6.643661582307968,0.04469999999999996
6.664619505280548,0.0430600000000001
6.685577428253128,0.04397999999999991
6.706535351225709,0.03482000000000007
6.727493274198289,0.04187999999999992
6.748451197170869,0.03922000000000003
6.769409120143449,0.03770000000000007
6.79036704311603,0.03713999999999995
6.81132496608861,0.03298000000000001
6.832282889061191,0.041080000000000005
6.853240812033771,0.04830000000000001
6.874198735006352,0.05005999999999999
6.895156657978932,0.06459999999999999
6.916114580951512,0.07238000000000011
6.937072503924092,0.09271999999999991
6.958030426896673,0.11108000000000007
6.978988349869253,0.11212
6.999946272841833,0.11324000000000001
7.020904195814413,0.09323999999999999
7.0418621187869945,0.07746000000000008
7.062820041759575,0.06654000000000004
7.083777964732155,0.05675999999999992
7.104735887704735,0.052119999999999944
7.1256938106773156,0.03882000000000008
7.146651733649896,0.04405999999999999
7.167609656622476,0.03587999999999991
7.188567579595056,0.036780000000000035
7.209525502567637,0.03506000000000009
7.230483425540217,0.04371999999999998
7.251441348512797,0.054200000000000026
7.272399271485378,0.04035999999999995
7.2933571944579585,0.041220000000000034
7.314315117430539,0.04259999999999997
7.335273040403119,0.051039999999999974
7.356230963375699,0.06040000000000001
7.3771888863482795,0.06143999999999994
7.39814680932086,0.0652600000000001
7.41910473229344,0.05606
7.44006265526602,0.04410000000000003
7.4610205782386005,0.03961999999999999
7.481978501211181,0.03712000000000004
7.502936424183762,0.0384199999999999
7.523894347156342,0.04804000000000008
7.5448522701289225,0.055600000000000094
7.565810193101503,0.04913999999999996
7.586768116074083,0.03594000000000008
7.607726039046663,0.031179999999999986
7.6286839620192435,0.03177999999999992
7.649641884991824,0.03157999999999994
7.670599807964404,0.040280000000000094
7.691557730936984,0.045500000000000096
7.7125156539095645,0.048899999999999944
7.733473576882146,0.05390000000000006
7.754431499854726,0.06157999999999997
7.775389422827306,0.0739399999999999
7.796347345799886,0.09017999999999993
7.817305268772467,0.10864000000000007
7.838263191745047,0.11792000000000002
7.859221114717627,0.12915999999999994
7.8801790376902074,0.11749999999999994
7.901136960662788,0.09688000000000008
7.922094883635368,0.07333999999999996
7.943052806607949,0.06318000000000001
7.964010729580529,0.055600000000000094
7.98496865255311,0.047539999999999916
8.00592657552569,0.04580000000000006
8.02688449849827,0.040980000000000016
8.04784242147085,0.03737999999999997
8.068800344443432,0.037819999999999965
8.089758267416011,0.03872000000000009
8.110716190388592,0.030480000000000063
8.131674113361171,0.03313999999999995
8.152632036333753,0.04357999999999995
8.173589959306332,0.0515000000000001
8.194547882278913,0.056499999999999995
8.215505805251492,0.05176000000000003
8.236463728224074,0.04249999999999998
8.257421651196653,0.04258000000000006
8.278379574169234,0.0424199999999999
8.299337497141815,0.04496000000000011
8.320295420114395,0.04918
8.341253343086976,0.060880000000000045
8.362211266059555,0.07088000000000005
8.383169189032136,0.07094
8.404127112004716,0.05889999999999995
8.425085034977297,0.05059999999999998
8.446042957949876,0.04580000000000006
8.467000880922457,0.04074
8.487958803895037,0.03922000000000003
8.508916726867618,0.0329600000000001
8.529874649840199,0.046419999999999906
8.550832572812778,0.05950000000000011
8.57179049578536,0.05835999999999997
8.592748418757939,0.04604000000000008
8.61370634173052,0.041120000000000045
8.6346642647031,0.04064000000000001
8.65562218767568,0.041220000000000034
8.67658011064826,0.03974000000000011
8.697538033620841,0.03615999999999997
8.718495956593422,0.03282000000000007
8.739453879566002,0.0403
8.760411802538583,0.0381800000000001
8.781369725511162,0.045420000000000016
8.802327648483743,0.04815999999999998
8.823285571456323,0.04962
8.844243494428904,0.051160000000000094
8.865201417401483,0.06596000000000002
8.886159340374064,0.0739399999999999
8.907117263346644,0.09401999999999999
8.928075186319225,0.11226000000000003
8.949033109291806,0.13484000000000007
8.969991032264385,0.14290000000000003
8.990948955236966,0.1375200000000001
9.011906878209546,0.11854000000000009
9.032864801182127,0.0944799999999999
9.053822724154706,0.08850000000000002
9.074780647127287,0.06825999999999999
9.095738570099867,0.06465999999999994
9.116696493072448,0.05459999999999998
9.137654416045027,0.04298000000000002
9.158612339017608,0.042280000000000095
9.17957026199019,0.04194000000000009
9.200528184962769,0.03752
9.22148610793535,0.03527999999999998
9.24244403090793,0.03376000000000001
9.26340195388051,0.03986000000000001
9.28435987685309,0.03805999999999998
9.305317799825671,0.049060000000000104
9.32627572279825,0.03821999999999992
9.347233645770832,0.034540000000000015
9.368191568743411,0.039979999999999905
9.389149491715992,0.0475000000000001
9.410107414688573,0.06034000000000006
9.431065337661153,0.060799999999999965
9.452023260633734,0.054119999999999946
9.472981183606313,0.041260000000000074
9.493939106578894,0.03532000000000002
9.514897029551474,0.030480000000000063
9.535854952524055,0.0391999999999999
9.556812875496634,0.03730000000000011
9.577770798469215,0.045379999999999976
9.598728721441795,0.05384000000000011
9.619686644414376,0.06485999999999992
9.640644567386957,0.06956000000000007
9.661602490359536,0.07942000000000005
9.682560413332117,0.0784800000000001
9.703518336304697,0.07074000000000003
9.724476259277278,0.053279999999999994
9.745434182249857,0.04919999999999991
9.766392105222439,0.03634000000000004
9.787350028195018,0.03722000000000003
9.808307951167599,0.034640000000000004
9.829265874140178,0.03166000000000002
9.85022379711276,0.03147999999999995
9.87118172008534,0.04719999999999991
9.89213964305792,0.059679999999999955
9.913097566030501,0.05848000000000009
9.93405548900308,0.058459999999999956
9.955013411975662,0.05190000000000006
9.975971334948241,0.03976000000000002
9.996929257920822,0.033600000000000074
10.017887180893402,0.045600000000000085
10.038845103865983,0.0515000000000001
10.059803026838562,0.04913999999999996
10.080760949811143,0.03848000000000007
10.101718872783724,0.03869999999999996
10.122676795756304,0.035560000000000036
10.143634718728885,0.03834000000000004
10.164592641701464,0.03380000000000005
10.185550564674045,0.034540000000000015
10.206508487646625,0.034399999999999986
10.227466410619206,0.041099999999999914
10.248424333591785,0.039160000000000084
10.269382256564366,0.04475999999999991
10.290340179536948,0.049819999999999975
10.311298102509527,0.0517399999999999
10.332256025482108,0.062100000000000044
10.353213948454687,0.0722799999999999
10.374171871427269,0.07986000000000004
10.395129794399848,0.09426000000000001
10.416087717372429,0.11871999999999994
10.437045640345008,0.14304000000000006
10.45800356331759,0.1653199999999999
10.478961486290169,0.16965999999999992
10.49991940926275,0.14690000000000003
10.520877332235331,0.13246000000000002
10.54183525520791,0.1024799999999999
10.562793178180492,0.08508000000000004
10.583751101153071,0.07230000000000003
10.604709024125652,0.05983999999999989
10.625666947098232,0.06059999999999999
10.646624870070813,0.05400000000000005
10.667582793043392,0.046419999999999906
10.688540716015973,0.046640000000000015
10.709498638988553,0.03658000000000006
10.730456561961134,0.03864000000000001
10.751414484933715,0.032440000000000024
10.772372407906294,0.035760000000000014
10.793330330878876,0.04156000000000004
10.814288253851455,0.03774000000000011
10.835246176824036,0.0391999999999999
10.856204099796615,0.042259999999999964
10.877162022769197,0.04083999999999999
10.898119945741776,0.04611999999999994
10.919077868714357,0.05506000000000011
10.940035791686936,0.049679999999999946
10.960993714659518,0.0475000000000001
10.981951637632099,0.03834000000000004
11.002909560604678,0.03404000000000007
11.02386748357726,0.04265999999999992
11.044825406549839,0.053120000000000056
11.06578332952242,0.05679999999999996
11.086741252494999,0.05936000000000008
11.10769917546758,0.06064000000000003
11.12865709844016,0.05302000000000007
11.14961502141274,0.044620000000000104
11.17057294438532,0.03634000000000004
11.191530867357901,0.036839999999999984
11.212488790330482,0.04465999999999992
11.233446713303062,0.04055999999999993
11.254404636275643,0.03923999999999994
11.275362559248222,0.0406200000000001
11.296320482220803,0.03717999999999999
11.317278405193383,0.043220000000000036
11.338236328165964,0.0456399999999999
11.359194251138543,0.06132000000000004
11.380152174111124,0.07576000000000005
11.401110097083706,0.08743999999999996
11.422068020056285,0.09455999999999998
11.443025943028866,0.08664000000000005
11.463983866001445,0.07742000000000004
11.484941788974027,0.06132000000000004
11.505899711946606,0.054280000000000106
11.526857634919187,0.040999999999999925
11.547815557891767,0.039039999999999964
11.568773480864348,0.03288000000000002
11.589731403836927,0.03685999999999989
11.610689326809508,0.04152
11.63164724978209,0.044480000000000075
11.652605172754669,0.04048000000000007
11.67356309572725,0.042059999999999986
11.69452101869983,0.03750000000000009
11.71547894167241,0.04176000000000002
11.73643686464499,0.054259999999999975
11.75739478761757,0.061779999999999946
11.77835271059015,0.06303999999999998
11.799310633562731,0.06014000000000008
11.82026855653531,0.055320000000000036
11.841226479507892,0.0424199999999999
11.862184402480473,0.03855999999999993
11.883142325453052,0.033360000000000056
11.904100248425634,0.039160000000000084
11.925058171398213,0.044540000000000024
11.946016094370794,0.05441999999999991
11.966974017343373,0.05401999999999996
11.987931940315955,0.055279999999999996
12.008889863288534,0.051979999999999915
12.029847786261115,0.038920000000000066
12.050805709233694,0.040079999999999893
12.071763632206276,0.04918
12.092721555178857,0.0442800000000001
12.113679478151436,0.0383
12.134637401124017,0.035679999999999934
12.155595324096597,0.03639999999999999
12.176553247069178,0.033479999999999954
12.197511170041757,0.03068000000000004
12.218469093014338,0.02737999999999996
12.239427015986918,0.03316000000000008
12.260384938959499,0.03878000000000004
12.281342861932078,0.04834000000000005
12.30230078490466,0.040939999999999976
12.32325870787724,0.0418400000000001
12.34421663084982,0.051160000000000094
12.365174553822401,0.05478000000000005
12.38613247679498,0.05736000000000008
12.407090399767561,0.06367999999999996
12.42804832274014,0.07298000000000004
12.449006245712722,0.0831599999999999
12.469964168685301,0.09471999999999992
12.490922091657882,0.12020000000000008
12.511880014630462,0.1473
12.532837937603043,0.1735
12.553795860575624,0.19290000000000007
12.574753783548204,0.19833999999999996
12.595711706520785,0.18028
12.616669629493364,0.15417999999999998
12.637627552465945,0.11880000000000002
12.658585475438525,0.10748000000000002
12.679543398411106,0.08401999999999998
12.700501321383685,0.07416
12.721459244356266,0.058659999999999934
12.742417167328846,0.05790000000000006
12.763375090301427,0.05718000000000001
12.784333013274008,0.05160000000000009
12.805290936246587,0.04841999999999991
12.826248859219168,0.0458400000000001
12.847206782191748,0.041220000000000034
12.868164705164329,0.038759999999999906
12.889122628136908,0.034319999999999906
12.91008055110949,0.03615999999999997
12.931038474082069,0.032200000000000006
12.95199639705465,0.033360000000000056
12.972954320027231,0.03478000000000003
12.99391224299981,0.0458400000000001
13.014870165972392,0.04153999999999991
13.035828088944971,0.04489999999999994
13.056786011917552,0.04502000000000006
13.077743934890131,0.0495000000000001
13.098701857862713,0.04997999999999991
13.119659780835292,0.048699999999999966
13.140617703807873,0.0337400000000001
13.161575626780452,0.042340000000000044
13.182533549753034,0.04410000000000003
13.203491472725615,0.054319999999999924
13.224449395698194,0.05475999999999992
13.245407318670775,0.05508000000000002
13.266365241643355,0.05031999999999992
13.287323164615936,0.04156000000000004
13.308281087588515,0.03259999999999996
13.329239010561096,0.034359999999999946
13.350196933533676,0.035579999999999945
13.371154856506257,0.04075999999999991
13.392112779478836,0.04604000000000008
13.413070702451417,0.0547200000000001
13.434028625423998,0.0690599999999999
13.454986548396578,0.07557999999999998
13.475944471369159,0.0761400000000001
13.496902394341738,0.06869999999999998
13.51786031731432,0.05983999999999989
13.538818240286899,0.042240000000000055
13.55977616325948,0.04571999999999998
13.58073408623206,0.029900000000000038
13.60169200920464,0.03814000000000006
13.62264993217722,0.048839999999999995
13.643607855149801,0.057579999999999965
13.664565778122382,0.055279999999999996
13.685523701094962,0.04394000000000009
13.706481624067543,0.04051999999999989
13.727439547040122,0.03289999999999993
13.748397470012703,0.03420000000000001
13.769355392985283,0.033600000000000074
13.790313315957864,0.03824000000000005
13.811271238930443,0.04132000000000002
13.832229161903024,0.04302000000000006
13.853187084875604,0.050799999999999956
13.874145007848185,0.06332000000000004
13.895102930820766,0.07269999999999999
13.916060853793345,0.0859399999999999
13.937018776765926,0.10158
13.957976699738506,0.11055999999999999
13.978934622711087,0.11389999999999989
13.999892545683666,0.09958
14.020850468656247,0.07216
14.041808391628827,0.06342000000000003
14.062766314601408,0.05692000000000008
14.083724237573989,0.047819999999999974
14.104682160546568,0.03825999999999996
14.12564008351915,0.03766000000000003
14.146598006491729,0.02947999999999995
14.16755592946431,0.031379999999999963
14.18851385243689,0.03363999999999989
14.20947177540947,0.03517999999999999
14.23042969838205,0.037679999999999936
14.251387621354631,0.049719999999999986
14.27234554432721,0.05268000000000006
14.293303467299792,0.05225999999999997
14.314261390272373,0.04509999999999992
14.335219313244952,0.03834000000000004
14.356177236217533,0.03190000000000004
14.377135159190113,0.034580000000000055
14.398093082162694,0.03986000000000001
14.419051005135273,0.04638000000000009
14.440008928107854,0.05810000000000004
14.460966851080434,0.06854000000000005
14.481924774053015,0.07783999999999991
14.502882697025594,0.08918000000000004
14.523840619998175,0.08021999999999996
14.544798542970756,0.061020000000000074
14.565756465943336,0.05396000000000001
14.586714388915917,0.04293999999999998
14.607672311888496,0.04194000000000009
14.628630234861077,0.03685999999999989
14.649588157833657,0.03645999999999994
14.670546080806238,0.0366200000000001
14.691504003778817,0.039919999999999956
14.712461926751399,0.03753999999999991
14.733419849723978,0.05025999999999997
14.754377772696559,0.057760000000000034
14.77533569566914,0.0613999999999999
14.79629361864172,0.05875999999999992
14.8172515416143,0.05712000000000006
14.83820946458688,0.04503999999999997
14.859167387559461,0.041139999999999954
14.88012531053204,0.03180000000000005
14.901083233504622,0.04082000000000008
14.922041156477201,0.04591999999999996
14.942999079449782,0.05279999999999996
14.963957002422362,0.05820000000000003
14.984914925394943,0.055560000000000054
15.005872848367524,0.04683999999999999
15.026830771340103,0.033600000000000074
15.047788694312684,0.041179999999999994
15.068746617285264,0.05396000000000001
15.089704540257845,0.04908000000000001
15.110662463230424,0.03858000000000006
15.131620386203005,0.04166000000000003
15.152578309175585,0.04142000000000001
15.173536232148166,0.041099999999999914
15.194494155120745,0.03605999999999998
15.215452078093326,0.032119999999999926
15.236410001065908,0.02746000000000004
15.257367924038487,0.030019999999999936
15.278325847011068,0.03191999999999995
15.299283769983647,0.034520000000000106
15.320241692956229,0.03533999999999993
15.341199615928808,0.041039999999999965
15.36215753890139,0.037940000000000085
15.383115461873968,0.04610000000000003
15.40407338484655,0.0507200000000001
15.425031307819129,0.047619999999999996
15.44598923079171,0.05184000000000011
15.466947153764291,0.06031999999999993
15.48790507673687,0.06108000000000002
15.508862999709452,0.06869999999999998
15.529820922682031,0.07821999999999996
15.550778845654612,0.08386000000000005
15.571736768627192,0.08922000000000008
15.592694691599773,0.1023400000000001
15.613652614572352,0.1291
15.634610537544933,0.1447799999999999
15.655568460517514,0.17992000000000008
15.676526383490094,0.21754000000000007
15.697484306462675,0.24659999999999993
15.718442229435254,0.24892000000000003
15.739400152407836,0.21750000000000003
15.760358075380415,0.17714000000000008
15.781315998352996,0.14495999999999998
15.802273921325575,0.12220000000000009
15.823231844298157,0.10559999999999992
15.844189767270736,0.09349999999999992
15.865147690243317,0.08108000000000004
15.886105613215898,0.07336000000000009
15.907063536188478,0.06644000000000005
15.928021459161059,0.06614000000000009
15.948979382133638,0.055199999999999916
15.96993730510622,0.052059999999999995
15.990895228078799,0.05279999999999996
16.01185315105138,0.04716000000000009
16.03281107402396,0.04312000000000005
16.05376899699654,0.043460000000000054
16.07472691996912,0.0396399999999999
16.0956848429417,0.040159999999999973
16.116642765914282,0.035579999999999945
16.137600688886863,0.036699999999999955
16.15855861185944,0.03191999999999995
16.179516534832022,0.03492000000000006
16.200474457804603,0.033320000000000016
16.221432380777184,0.03621999999999992
16.24239030374976,0.038040000000000074
16.263348226722343,0.0411999999999999
16.284306149694924,0.04488000000000003
16.305264072667505,0.043279999999999985
16.326221995640086,0.04021999999999992
16.347179918612664,0.04516000000000009
16.368137841585245,0.054219999999999935
16.389095764557826,0.05400000000000005
16.410053687530407,0.05160000000000009
16.431011610502985,0.040059999999999985
16.451969533475566,0.03635999999999995
16.472927456448147,0.04142000000000001
16.49388537942073,0.05166000000000004
16.514843302393306,0.06387999999999994
16.535801225365887,0.061839999999999895
16.556759148338468,0.05678000000000005
16.57771707131105,0.04577999999999993
16.59867499428363,0.03317999999999999
16.619632917256208,0.03634000000000004
16.64059084022879,0.035719999999999974
16.66154876320137,0.03953999999999991
16.68250668617395,0.048759999999999915
16.70346460914653,0.05737999999999999
16.72442253211911,0.059660000000000046
16.74538045509169,0.0722799999999999
16.766338378064273,0.06387999999999994
16.787296301036854,0.062060000000000004
16.80825422400943,0.05498000000000003
16.829212146982012,0.04092000000000007
16.850170069954594,0.04377999999999993
16.871127992927175,0.03874
16.892085915899752,0.04600000000000004
16.913043838872333,0.04625999999999997
16.934001761844915,0.03858000000000006
16.954959684817496,0.03942000000000001
16.975917607790073,0.03424000000000005
16.996875530762654,0.0403
17.017833453735236,0.03953999999999991
17.038791376707817,0.0450600000000001
17.059749299680398,0.055279999999999996
17.080707222652975,0.06362000000000001
17.101665145625557,0.08590000000000009
17.122623068598138,0.09245999999999999
17.14358099157072,0.08664000000000005
17.164538914543296,0.08081999999999989
17.185496837515878,0.06855999999999995
17.20645476048846,0.0515000000000001
17.22741268346104,0.051120000000000054
17.24837060643362,0.04483999999999999
17.2693285294062,0.04231999999999991
17.29028645237878,0.039080000000000004
17.31124437535136,0.033239999999999936
17.332202298323942,0.037760000000000016
17.35316022129652,0.038920000000000066
17.3741181442691,0.04092000000000007
17.395076067241682,0.041039999999999965
17.416033990214263,0.04841999999999991
17.436991913186844,0.05718000000000001
17.457949836159422,0.06556000000000006
17.478907759132003,0.057700000000000085
17.499865682104584,0.044319999999999915
17.520823605077165,0.03858000000000006
17.541781528049743,0.037959999999999994
17.562739451022324,0.0468599999999999
17.583697373994905,0.05261999999999989
17.604655296967486,0.053360000000000074
17.625613219940064,0.04397999999999991
17.646571142912645,0.029779999999999918
17.667529065885226,0.02727999999999997
17.688486988857807,0.03726000000000007
17.70944491183039,0.03513999999999995
17.730402834802966,0.032219999999999915
17.751360757775547,0.04289999999999994
17.77231868074813,0.04048000000000007
17.79327660372071,0.04387999999999992
17.814234526693287,0.05713999999999997
17.83519244966587,0.05997999999999992
17.85615037263845,0.06885999999999992
17.87710829561103,0.08045999999999998
17.89806621858361,0.10543999999999998
17.91902414155619,0.12582000000000004
17.93998206452877,0.1474200000000001
17.96093998750135,0.14613999999999994
17.981897910473933,0.1283399999999999
18.00285583344651,0.10821999999999998
18.02381375641909,0.08122000000000007
18.044771679391673,0.07309999999999994
18.065729602364254,0.059679999999999955
18.08668752533683,0.054179999999999895
18.107645448309412,0.0502800000000001
18.128603371281994,0.047719999999999985
18.149561294254575,0.03760000000000008
18.170519217227156,0.032200000000000006
18.191477140199733,0.032200000000000006
18.212435063172315,0.03479999999999994
18.233392986144896,0.03595999999999999
18.254350909117477,0.03083999999999998
18.275308832090055,0.03937999999999997
18.296266755062636,0.04509999999999992
18.317224678035217,0.046780000000000044
18.338182601007798,0.05142000000000002
18.35914052398038,0.04420000000000002
18.380098446952957,0.03953999999999991
18.401056369925538,0.04082000000000008
18.42201429289812,0.04509999999999992
18.4429722158707,0.05703999999999998
18.463930138843278,0.06465999999999994
18.48488806181586,0.06387999999999994
18.50584598478844,0.057639999999999914
18.52680390776102,0.046640000000000015
18.5477618307336,0.04509999999999992
18.56871975370618,0.038999999999999924
18.58967767667876,0.04079999999999995
18.610635599651342,0.04293999999999998
18.631593522623923,0.04127999999999998
18.6525514455965,0.0359799999999999
18.673509368569082,0.038839999999999986
18.694467291541663,0.030259999999999954
18.715425214514244,0.03927999999999998
18.736383137486822,0.04367999999999994
18.757341060459403,0.05231999999999992
18.778298983431984,0.0673999999999999
18.799256906404565,0.07704
18.820214829377147,0.08904000000000001
18.841172752349724,0.0971200000000001
18.862130675322305,0.10046
18.883088598294886,0.08674000000000004
18.904046521267468,0.06912000000000007
18.925004444240045,0.05783999999999989
18.945962367212626,0.055279999999999996
18.966920290185207,0.0381800000000001
18.98787821315779,0.0359799999999999
19.00883613613037,0.03062000000000009
19.029794059102947,0.02868000000000004
19.05075198207553,0.0321800000000001
19.07170990504811,0.041120000000000045
19.09266782802069,0.04371999999999998
19.11362575099327,0.05126000000000008
19.13458367396585,0.05587999999999993
19.15554159693843,0.04797999999999991
19.17649951991101,0.03259999999999996
19.19745744288359,0.036759999999999904
19.21841536585617,0.03532000000000002
19.23937328882875,0.045339999999999936
19.260331211801333,0.0504
19.281289134773914,0.05905999999999989
19.30224705774649,0.07746000000000008
19.323204980719073,0.07644000000000006
19.344162903691654,0.07607999999999993
19.365120826664235,0.07007999999999992
19.386078749636813,0.058659999999999934
19.407036672609394,0.05137999999999998
19.427994595581975,0.043099999999999916
19.448952518554556,0.04136000000000006
19.469910441527137,0.03652000000000011
19.490868364499715,0.040140000000000065
19.511826287472296,0.03859999999999997
19.532784210444877,0.03976000000000002
19.553742133417458,0.03302000000000005
19.574700056390036,0.04895999999999989
19.595657979362617,0.05244000000000004
19.616615902335198,0.061839999999999895
19.63757382530778,0.06729999999999992
19.658531748280357,0.06255999999999995
19.679489671252938,0.05234000000000005
19.70044759422552,0.042140000000000066
19.7214055171981,0.040019999999999945
19.74236344017068,0.039919999999999956
19.76332136314326,0.03255999999999992
19.78427928611584,0.04177999999999993
19.80523720908842,0.05069999999999997
19.826195132061002,0.05254000000000003
19.84715305503358,0.05926000000000009
19.86811097800616,0.05821999999999994
19.889068900978742,0.04634000000000005
19.910026823951323,0.035660000000000025
19.930984746923905,0.03361999999999998
19.951942669896482,0.0436399999999999
19.972900592869063,0.05058000000000007
19.993858515841644,0.06150000000000011
20.014816438814226,0.05123999999999995
20.035774361786803,0.04401999999999995
20.056732284759384,0.03249999999999997
20.077690207731965,0.046419999999999906
20.098648130704547,0.050999999999999934
20.119606053677124,0.044300000000000006
20.140563976649705,0.044300000000000006
20.161521899622286,0.04153999999999991
20.182479822594868,0.039060000000000095
20.20343774556745,0.043199999999999905
20.224395668540026,0.04096000000000011
20.245353591512607,0.03713999999999995
20.26631151448519,0.03753999999999991
20.28726943745777,0.035719999999999974
20.308227360430347,0.030040000000000067
20.32918528340293,0.037879999999999914
20.35014320637551,0.03208000000000011
20.37110112934809,0.032520000000000104
20.392059052320672,0.03313999999999995
20.41301697529325,0.03760000000000008
20.43397489826583,0.03722000000000003
20.454932821238412,0.043179999999999996
20.475890744210993,0.04380000000000006
20.49684866718357,0.03747999999999996
20.51780659015615,0.046740000000000004
20.538764513128733,0.0487200000000001
20.559722436101314,0.05014000000000007
20.580680359073895,0.0495000000000001
20.601638282046473,0.05708000000000002
20.622596205019054,0.061960000000000015
20.643554127991635,0.06420000000000003
20.664512050964216,0.06664000000000003
20.685469973936794,0.06923999999999997
20.706427896909375,0.0779399999999999
20.727385819881956,0.08397999999999994
20.748343742854537,0.0936999999999999
20.769301665827115,0.09495999999999993
20.790259588799696,0.11104000000000003
20.811217511772277,0.1254599999999999
20.832175434744858,0.14344
20.85313335771744,0.16456000000000004
20.874091280690017,0.19667999999999997
20.895049203662598,0.24492000000000003
20.91600712663518,0.30064
20.93696504960776,0.3343400000000001
20.957922972580338,0.32708000000000004
20.97888089555292,0.2788999999999999
20.9998388185255,0.22536
21.02079674149808,0.19213999999999998
21.041754664470663,0.1584000000000001
21.06271258744324,0.13948000000000005
21.08367051041582,0.1182399999999999
21.104628433388402,0.10568
21.125586356360984,0.0956999999999999
21.14654427933356,0.08562000000000003
21.167502202306142,0.08084000000000002
21.188460125278723,0.0724800000000001
21.209418048251305,0.06709999999999994
21.230375971223882,0.06570000000000009
21.251333894196463,0.06478000000000006
21.272291817169044,0.05892000000000008
21.293249740141626,0.053199999999999914
21.314207663114207,0.054259999999999975
21.335165586086784,0.04727999999999999
21.356123509059366,0.040140000000000065
21.377081432031947,0.04299999999999993
21.398039355004528,0.042019999999999946
21.418997277977105,0.04146000000000005
21.439955200949687,0.03638000000000008
21.460913123922268,0.03848000000000007
21.48187104689485,0.035579999999999945
21.50282896986743,0.037840000000000096
21.523786892840008,0.03214000000000006
21.54474481581259,0.03370000000000006
21.56570273878517,0.032119999999999926
21.58666066175775,0.03473999999999999
21.60761858473033,0.03272000000000008
21.62857650770291,0.032200000000000006
21.64953443067549,0.033439999999999914
21.670492353648072,0.0450600000000001
21.691450276620653,0.03727999999999998
21.71240819959323,0.03946000000000005
21.733366122565812,0.048980000000000024
21.754324045538393,0.04858000000000007
21.775281968510974,0.05225999999999997
21.796239891483552,0.03408000000000011
21.817197814456133,0.043420000000000014
21.838155737428714,0.05269999999999997
21.859113660401295,0.05465999999999993
21.880071583373873,0.049960000000000004
21.901029506346454,0.04733999999999994
21.921987429319035,0.036880000000000024
21.942945352291616,0.04703999999999997
21.963903275264197,0.05384000000000011
21.984861198236775,0.05893999999999999
22.005819121209356,0.06048000000000009
22.026777044181937,0.053360000000000074
22.04773496715452,0.042100000000000026
22.068692890127096,0.03488000000000002
22.089650813099677,0.035760000000000014
22.11060873607226,0.04357999999999995
22.13156665904484,0.054219999999999935
22.15252458201742,0.05693999999999999
22.173482504989998,0.0625
22.19444042796258,0.05787999999999993
22.21539835093516,0.04932000000000003
22.23635627390774,0.0391999999999999
22.25731419688032,0.03380000000000005
22.2782721198529,0.03706000000000009
22.29923004282548,0.03377999999999992
22.320187965798063,0.03508
22.34114588877064,0.029300000000000104
22.36210381174322,0.043220000000000036
22.383061734715803,0.059620000000000006
22.404019657688384,0.06869999999999998
22.424977580660965,0.07319999999999993
22.445935503633542,0.08122000000000007
22.466893426606124,0.06786000000000003
22.487851349578705,0.058780000000000054
22.508809272551286,0.049800000000000066
22.529767195523863,0.0424199999999999
22.550725118496445,0.03980000000000006
22.571683041469026,0.03909999999999991
22.592640964441607,0.0472999999999999
22.613598887414188,0.04401999999999995
22.634556810386766,0.04404000000000008
22.655514733359347,0.03746000000000005
22.676472656331928,0.033379999999999965
22.69743057930451,0.033420000000000005
22.718388502277087,0.040180000000000105
22.739346425249668,0.043239999999999945
22.76030434822225,0.053099999999999925
22.78126227119483,0.06709999999999994
22.80222019416741,0.07251999999999992
22.82317811713999,0.08512000000000008
22.84413604011257,0.09533999999999998
22.86509396308515,0.0892599999999999
22.886051886057732,0.07469999999999999
22.90700980903031,0.0658399999999999
22.92796773200289,0.05414000000000008
22.948925654975472,0.04405999999999999
22.969883577948053,0.041179999999999994
22.99084150092063,0.04204000000000008
23.011799423893212,0.028219999999999912
23.032757346865793,0.04204000000000008
23.053715269838374,0.03835999999999995
23.074673192810955,0.03425999999999996
23.095631115783533,0.041979999999999906
23.116589038756114,0.0527200000000001
23.137546961728695,0.05360000000000009
23.158504884701276,0.05665999999999993
23.179462807673854,0.05786000000000002
23.200420730646435,0.047840000000000105
23.221378653619016,0.0379799999999999
23.242336576591597,0.03689999999999993
23.26329449956418,0.04482000000000008
23.284252422536756,0.03933999999999993
23.305210345509337,0.04269999999999996
23.32616826848192,0.03088000000000002
23.3471261914545,0.031500000000000083
23.368084114427077,0.03624000000000005
23.38904203739966,0.04353999999999991
23.40999996037224,0.04468000000000005
23.43095788334482,0.05289999999999995
23.4519158063174,0.05557999999999996
23.47287372928998,0.06137999999999999
23.49383165226256,0.07990000000000008
23.51478957523514,0.10587999999999997
23.535747498207723,0.11372000000000004
23.5567054211803,0.12281999999999993
23.57766334415288,0.12528000000000006
23.598621267125463,0.1091200000000001
23.619579190098044,0.08620000000000005
23.64053711307062,0.06973999999999991
23.661495036043203,0.060659999999999936
23.682452959015784,0.04997999999999991
23.703410881988365,0.04830000000000001
23.724368804960946,0.04411999999999994
23.745326727933524,0.04146000000000005
23.766284650906105,0.036799999999999944
23.787242573878686,0.037900000000000045
23.808200496851267,0.03479999999999994
23.829158419823845,0.03503999999999996
23.850116342796426,0.04387999999999992
23.871074265769007,0.03834000000000004
23.892032188741588,0.04693999999999998
23.912990111714166,0.050040000000000084
23.933948034686747,0.05729999999999991
23.954905957659328,0.054280000000000106
23.97586388063191,0.047739999999999894
23.99682180360449,0.038859999999999895
24.017779726577068,0.03483999999999998
24.03873764954965,0.033400000000000096
24.05969557252223,0.04469999999999996
24.08065349549481,0.04695999999999989
24.10161141846739,0.054159999999999986
24.12256934143997,0.06420000000000003
24.14352726441255,0.07421999999999995
24.164485187385132,0.08743999999999996
24.185443110357713,0.07572000000000001
24.20640103333029,0.06492000000000009
24.227358956302872,0.05406
24.248316879275453,0.0480799999999999
24.269274802248034,0.03838000000000008
24.290232725220612,0.042240000000000055
24.311190648193193,0.035700000000000065
24.332148571165774,0.033239999999999936
24.353106494138355,0.030939999999999968
24.374064417110937,0.04414000000000007
24.395022340083514,0.0563800000000001
24.415980263056095,0.06377999999999995
24.436938186028677,0.06225999999999998
24.457896109001258,0.06532000000000004
24.478854031973835,0.04746000000000006
24.499811954946416,0.03517999999999999
24.520769877918998,0.035660000000000025
24.54172780089158,0.039160000000000084
24.562685723864156,0.05306000000000011
24.583643646836737,0.05566000000000004
24.60460156980932,0.05293999999999999
24.6255594927819,0.043420000000000014
24.64651741575448,0.03693999999999997
24.66747533872706,0.04123999999999994
24.68843326169964,0.04068000000000005
24.70939118467222,0.0349600000000001
24.730349107644802,0.03513999999999995
24.75130703061738,0.031379999999999963
24.77226495358996,0.03255999999999992
24.79322287656254,0.0347599999999999
24.814180799535123,0.043179999999999996
24.835138722507704,0.03420000000000001
24.85609664548028,0.04143999999999992
24.877054568452863,0.04376000000000002
24.898012491425444,0.04532000000000003
24.918970414398025,0.050920000000000076
24.939928337370603,0.05811999999999995
24.960886260343184,0.060939999999999994
24.981844183315765,0.0708200000000001
25.002802106288346,0.07542000000000004
25.023760029260924,0.08990000000000009
25.044717952233505,0.10841999999999996
25.065675875206086,0.1245400000000001
25.086633798178667,0.15764
25.10759172115125,0.18243999999999994
25.128549644123826,0.2040200000000001
25.149507567096407,0.1999200000000001
25.170465490068988,0.16535999999999995
25.19142341304157,0.13535999999999992
25.212381336014147,0.10925999999999991
25.233339258986728,0.09274000000000004
25.25429718195931,0.08112000000000008
25.27525510493189,0.07685999999999993
25.29621302790447,0.06508000000000003
25.31717095087705,0.05952000000000002
25.33812887384963,0.053360000000000074
25.35908679682221,0.054340000000000055
25.380044719794792,0.043320000000000025
25.40100264276737,0.03658000000000006
25.42196056573995,0.04129999999999989
25.442918488712532,0.043320000000000025
25.463876411685114,0.03201999999999994
25.48483433465769,0.035560000000000036
25.505792257630272,0.02980000000000005
25.526750180602853,0.033339999999999925
25.547708103575435,0.031020000000000048
25.568666026548016,0.03733999999999993
25.589623949520593,0.044480000000000075
25.610581872493174,0.04536000000000007
25.631539795465756,0.03882000000000008
25.652497718438337,0.04475999999999991
25.673455641410914,0.051080000000000014
25.694413564383495,0.05518000000000001
25.715371487356077,0.053099999999999925
25.736329410328658,0.04420000000000002
25.75728733330124,0.04069999999999996
25.778245256273816,0.03492000000000006
25.799203179246398,0.042079999999999895
25.82016110221898,0.05248000000000008
25.84111902519156,0.0591600000000001
25.862076948164137,0.05987999999999993
25.88303487113672,0.06674000000000002
25.9039927941093,0.0581799999999999
25.92495071708188,0.04912000000000005
25.945908640054462,0.04153999999999991
25.96686656302704,0.03727999999999998
25.98782448599962,0.04394000000000009
26.008782408972202,0.04196
26.029740331944783,0.034440000000000026
26.05069825491736,0.04021999999999992
26.071656177889942,0.04157999999999995
26.092614100862523,0.04970000000000008
26.113572023835104,0.05522000000000005
26.13452994680768,0.07051999999999992
26.155487869780263,0.08231999999999995
26.176445792752844,0.08709999999999996
26.197403715725425,0.0862400000000001
26.218361638698006,0.08226
26.239319561670584,0.05898000000000003
26.260277484643165,0.05353999999999992
26.281235407615746,0.04343999999999992
26.302193330588327,0.03410000000000002
26.323151253560905,0.04096000000000011
26.344109176533486,0.03530000000000011
26.365067099506067,0.03499999999999992
26.38602502247865,0.03761999999999999
26.40698294545123,0.045479999999999965
26.427940868423807,0.048740000000000006
26.448898791396388,0.06118000000000001
26.46985671436897,0.05787999999999993
26.49081463734155,0.05082000000000009
26.511772560314128,0.04488000000000003
26.53273048328671,0.041099999999999914
26.55368840625929,0.04703999999999997
26.57464632923187,0.049739999999999895
26.59560425220445,0.04960000000000009
26.61656217517703,0.036780000000000035
26.63752009814961,0.035439999999999916
26.658478021122193,0.033339999999999925
26.679435944094774,0.0366200000000001
26.70039386706735,0.03835999999999995
26.721351790039932,0.04532000000000003
26.742309713012514,0.039039999999999964
26.763267635985095,0.047760000000000025
26.784225558957672,0.057660000000000045
26.805183481930253,0.0559400000000001
26.826141404902835,0.06977999999999995
26.847099327875416,0.08129999999999993
26.868057250847997,0.09671999999999992
26.889015173820574,0.12216000000000005
26.909973096793156,0.14226000000000005
26.930931019765737,0.14484000000000008
26.951888942738318,0.13476
26.972846865710896,0.11434000000000011
26.993804788683477,0.08972000000000002
27.014762711656058,0.07782
27.03572063462864,0.06844000000000006
27.05667855760122,0.05268000000000006
27.077636480573798,0.05011999999999994
27.09859440354638,0.04573999999999989
27.11955232651896,0.04176000000000002
27.14051024949154,0.03264
27.16146817246412,0.033199999999999896
27.1824260954367,0.03971999999999998
27.20338401840928,0.03953999999999991
27.224341941381862,0.036799999999999944
27.24529986435444,0.038980000000000015
27.26625778732702,0.03923999999999994
27.287215710299602,0.048820000000000086
27.308173633272183,0.05840000000000001
27.329131556244764,0.05343999999999993
27.350089479217342,0.046720000000000095
27.371047402189923,0.03723999999999994
27.392005325162504,0.03652000000000011
27.412963248135085,0.048820000000000086
27.433921171107663,0.05265999999999993
27.454879094080244,0.06064000000000003
27.475837017052825,0.06343999999999994
27.496794940025406,0.061779999999999946
27.517752862997988,0.06224000000000007
27.538710785970565,0.05074000000000001
27.559668708943146,0.043260000000000076
27.580626631915727,0.037800000000000056
27.60158455488831,0.04035999999999995
27.622542477860886,0.047660000000000036
27.643500400833467,0.04855999999999994
27.66445832380605,0.047539999999999916
27.68541624677863,0.04031999999999991
27.706374169751207,0.03288000000000002
27.72733209272379,0.034499999999999975
27.74829001569637,0.03845999999999994
27.76924793866895,0.04143999999999992
27.79020586164153,0.04719999999999991
27.81116378461411,0.04953999999999992
27.83212170758669,0.05804000000000009
27.85307963055927,0.0700400000000001
27.874037553531853,0.07888000000000006
27.89499547650443,0.10064000000000006
27.91595339947701,0.11325999999999992
27.936911322449593,0.11162000000000005
27.957869245422174,0.09956000000000009
27.978827168394755,0.0845800000000001
27.999785091367333,0.06380000000000008
28.020743014339914,0.05821999999999994
28.041700937312495,0.04391999999999996
28.062658860285076,0.046580000000000066
28.083616783257654,0.03499999999999992
28.104574706230235,0.03512000000000004
28.125532629202816,0.035619999999999985
28.146490552175397,0.037779999999999925
28.167448475147978,0.035719999999999974
28.188406398120556,0.042019999999999946
28.209364321093137,0.040899999999999936
28.230322244065718,0.03961999999999999
28.2512801670383,0.055479999999999974
28.272238090010877,0.05489999999999995
28.293196012983458,0.05737999999999999
28.31415393595604,0.04693999999999998
28.33511185892862,0.038960000000000106
28.356069781901198,0.03702000000000005
28.37702770487378,0.04397999999999991
28.39798562784636,0.03835999999999995
28.41894355081894,0.03376000000000001
28.439901473791522,0.03726000000000007
28.4608593967641,0.03868000000000005
28.48181731973668,0.05255999999999994
28.502775242709262,0.0670599999999999
28.523733165681843,0.07820000000000005
28.54469108865442,0.0880399999999999
28.565649011627002,0.08932000000000007
28.586606934599583,0.08190000000000008
28.607564857572164,0.06455999999999995
28.628522780544746,0.06279999999999997
28.649480703517323,0.04713999999999996
28.670438626489904,0.04142000000000001
28.691396549462485,0.039779999999999927
28.712354472435067,0.032219999999999915
28.733312395407644,0.034540000000000015
28.754270318380225,0.04231999999999991
28.775228241352806,0.04391999999999996
28.796186164325388,0.05181999999999998
28.817144087297965,0.05333999999999994
28.838102010270546,0.04150000000000009
28.859059933243127,0.0343
28.88001785621571,0.03864000000000001
28.90097577918829,0.045660000000000034
28.921933702160867,0.04746000000000006
28.94289162513345,0.057639999999999914
28.96384954810603,0.06947999999999999
28.98480747107861,0.09006000000000003
29.00576539405119,0.07865999999999995
29.02672331702377,0.07342000000000004
29.04768123999635,0.056599999999999984
29.068639162968932,0.04683999999999999
29.089597085941513,0.047760000000000025
29.11055500891409,0.03966000000000003
29.13151293188667,0.034499999999999975
29.152470854859253,0.03967999999999994
29.173428777831834,0.043379999999999974
29.19438670080441,0.03414000000000006
29.215344623776993,0.04088000000000003
29.236302546749574,0.04475999999999991
29.257260469722155,0.05034000000000005
29.278218392694733,0.06147999999999998
29.299176315667314,0.06576000000000004
29.320134238639895,0.06688000000000005
29.341092161612476,0.06767999999999996
29.362050084585057,0.05888000000000004
29.383008007557635,0.047860000000000014
29.403965930530216,0.0406200000000001
29.424923853502797,0.028659999999999908
29.445881776475378,0.03278000000000003
29.466839699447956,0.030899999999999928
29.487797622420537,0.037800000000000056
29.508755545393118,0.044399999999999995
29.5297134683657,0.057399999999999896
29.55067139133828,0.05665999999999993
29.571629314310858,0.062060000000000004
29.59258723728344,0.05684
29.61354516025602,0.050859999999999905
29.6345030832286,0.046540000000000026
29.65546100620118,0.03909999999999991
29.67641892917376,0.029959999999999987
29.69737685214634,0.04264000000000001
29.718334775118922,0.052200000000000024
29.739292698091504,0.05797999999999992
29.76025062106408,0.0609599999999999
29.781208544036662,0.060920000000000085
29.802166467009243,0.04825999999999997
29.823124389981825,0.04039999999999999
29.844082312954402,0.03868000000000005
29.865040235926983,0.04679999999999995
29.885998158899564,0.04611999999999994
29.906956081872146,0.056400000000000006
29.927914004844723,0.06136000000000008
29.948871927817304,0.04919999999999991
29.969829850789885,0.040899999999999936
29.990787773762467,0.04160000000000008
30.011745696735048,0.03971999999999998
30.032703619707625,0.04918
30.053661542680207,0.052999999999999936
30.074619465652788,0.045520000000000005
30.09557738862537,0.039919999999999956
30.116535311597946,0.04424000000000006
30.137493234570528,0.04601999999999995
30.15845115754311,0.05038000000000009
30.17940908051569,0.0480799999999999
30.20036700348827,0.03844000000000003
30.22132492646085,0.0396399999999999
30.24228284943343,0.0384199999999999
30.26324077240601,0.04180000000000006
30.284198695378592,0.036640000000000006
30.30515661835117,0.0363
30.32611454132375,0.035840000000000094
30.347072464296332,0.03698000000000001
30.368030387268913,0.03268000000000004
30.38898831024149,0.038040000000000074
30.40994623321407,0.035619999999999985
30.430904156186653,0.032319999999999904
30.451862079159234,0.03967999999999994
30.472820002131815,0.031120000000000037
30.493777925104393,0.03272000000000008
30.514735848076974,0.033379999999999965
30.535693771049555,0.03509999999999991
30.556651694022136,0.04231999999999991
30.577609616994714,0.03726000000000007
30.598567539967295,0.03756000000000004
30.619525462939876,0.03736000000000006
30.640483385912457,0.039039999999999964
30.66144130888504,0.03621999999999992
30.682399231857616,0.04518
30.703357154830197,0.04048000000000007
30.72431507780278,0.04713999999999996
30.74527300077536,0.042019999999999946
30.766230923747937,0.04157999999999995
30.787188846720518,0.04908000000000001
30.8081467696931,0.04953999999999992
30.82910469266568,0.04488000000000003
30.850062615638258,0.05167999999999995
30.87102053861084,0.053080000000000016
30.89197846158342,0.05142000000000002
30.912936384556,0.05238000000000009
30.933894307528583,0.05709999999999993
30.95485223050116,0.060939999999999994
30.97581015347374,0.0678399999999999
30.996768076446322,0.06987999999999994
31.017725999418904,0.07338
31.03868392239148,0.07240000000000002
31.059641845364062,0.07728000000000002
31.080599768336644,0.08660000000000001
31.101557691309225,0.08386000000000005
31.122515614281806,0.08948
31.143473537254383,0.0988
31.164431460226965,0.11152000000000006
31.185389383199546,0.11749999999999994
31.206347306172127,0.12407999999999997
31.227305229144704,0.1352199999999999
31.248263152117286,0.1496599999999999
31.269221075089867,0.16582000000000008
31.290178998062448,0.19155999999999995
31.31113692103503,0.2197
31.332094844007607,0.26170000000000004
31.353052766980188,0.3236000000000001
31.37401068995277,0.3980999999999999
31.39496861292535,0.4669399999999999
31.41592653589793,0.5028999999999999
